GENE_NAME,ID,DESCRIPTION,SUMMARY
MLNR,2862,motilin receptor,"Motilin is a 22 amino acid peptide hormone expressed throughout the gastrointestinal (GI) tract. The protein encoded by this gene is a motilin receptor which is a member of the G-protein coupled receptor 1 family. This member is a multi-pass transmembrane protein, and is an important therapeutic target for the treatment of hypomotility disorders. [provided by RefSeq, Aug 2011]"
PRIMA1,145270,proline rich membrane anchor 1,"The product of this gene functions to organize acetylcholinesterase (AChE) into tetramers, and to anchor AChE at neural cell membranes. [provided by RefSeq, Nov 2008]"
DLX6,1750,distal-less homeobox 6,"This gene encodes a member of a homeobox transcription factor gene family similiar to the Drosophila distal-less gene. This family is comprised of at least 6 different members that encode proteins with roles in forebrain and craniofacial development. This gene is in a tail-to-tail configuration with another member of the family on the long arm of chromosome 7. [provided by RefSeq, Jul 2008]"
DNAH2,146754,dynein axonemal heavy chain 2,"Dyneins are microtubule-associated motor protein complexes composed of several heavy, light, and intermediate chains. The axonemal dyneins, found in cilia and flagella, are components of the outer and inner dynein arms attached to the peripheral microtubule doublets. DNAH2 is an axonemal inner arm dynein heavy chain (Chapelin et al., 1997 [PubMed 9256245]).[supplied by OMIM, Mar 2008]"
NCAM1,4684,neural cell adhesion molecule 1,"This gene encodes a cell adhesion protein which is a member of the immunoglobulin superfamily. The encoded protein is involved in cell-to-cell interactions as well as cell-matrix interactions during development and differentiation. The encoded protein plays a role in the development of the nervous system by regulating neurogenesis, neurite outgrowth, and cell migration. This protein is also involved in the expansion of T lymphocytes, B lymphocytes and natural killer (NK) cells which play an important role in immune surveillance. This protein plays a role in signal transduction by interacting with fibroblast growth factor receptors, N-cadherin and other components of the extracellular matrix and by triggering signalling cascades involving FYN-focal adhesion kinase (FAK), mitogen-activated protein kinase (MAPK), and phosphatidylinositol 3-kinase (PI3K). One prominent isoform of this gene, cell surface molecule CD56, plays a role in several myeloproliferative disorders such as acute myeloid leukemia and differential expression of this gene is associated with differential disease progression. For example, increased expression of CD56 is correlated with lower survival in acute myeloid leukemia patients whereas increased severity of COVID-19 is correlated with decreased abundance of CD56-expressing NK cells in peripheral blood. Alternative splicing results in multiple transcript variants encoding distinct protein isoforms. [provided by RefSeq, Aug 2020]"
HOXB13,10481,homeobox B13,"This gene encodes a transcription factor that belongs to the homeobox gene family. Genes of this family are highly conserved among vertebrates and essential for vertebrate embryonic development. This gene has been implicated to play a role in fetal skin development and cutaneous regeneration. In mice, a similar gene was shown to exhibit temporal and spatial colinearity in the main body axis of the embryo, but was not expressed in the secondary axes, which suggests functions in body patterning along the axis. This gene and other HOXB genes form a gene cluster at chromosome the 17q21-22 region. [provided by RefSeq, Jul 2008]"
GDNF,2668,glial cell derived neurotrophic factor,"This gene encodes a secreted ligand of the TGF-beta (transforming growth factor-beta) superfamily of proteins. Ligands of this family bind various TGF-beta receptors leading to recruitment and activation of SMAD family transcription factors that regulate gene expression. The encoded preproprotein is proteolytically processed to generate each subunit of the disulfide-linked homodimer. The recombinant form of this protein, a highly conserved neurotrophic factor, was shown to promote the survival and differentiation of dopaminergic neurons in culture, and was able to prevent apoptosis of motor neurons induced by axotomy. This protein is a ligand for the product of the RET (rearranged during transfection) protooncogene. Mutations in this gene may be associated with Hirschsprung disease and Tourette syndrome. This gene encodes multiple protein isoforms that may undergo similar proteolytic processing. [provided by RefSeq, Aug 2016]"
ZIC4,84107,Zic family member 4,"This gene encodes a member of the ZIC family of C2H2-type zinc finger proteins. Members of this family are important during development, and have been associated with X-linked visceral heterotaxy and holoprosencephaly type 5. This gene is closely linked to the gene encoding zinc finger protein of the cerebellum 1, a related family member on chromosome 3. Heterozygous deletion of these linked genes is involved in Dandy-Walker malformation, which is a congenital cerebellar malformation. Multiple transcript variants have been identified for this gene. [provided by RefSeq, Dec 2009]"
SCRG1,11341,stimulator of chondrogenesis 1,"Scrapie-responsive gene 1 is associated with neurodegenerative changes observed in transmissible spongiform encephalopathies. It may play a role in host response to prion-associated infections. The scrapie responsive protein 1 may be partly included in the membrane or secreted by the cells due to its hydrophobic N-terminus. In addition, the encoded protein can interact with bone marrow stromal cell antigen 1 (BST1) to enhance the differentiation potentials of human mesenchymal stem cells during tissue and bone regeneration. [provided by RefSeq, Jul 2016]"
COL4A5,1287,collagen type IV alpha 5 chain,"This gene encodes one of the six subunits of type IV collagen, the major structural component of basement membranes. Mutations in this gene are associated with X-linked Alport syndrome, also known as hereditary nephritis. Like the other members of the type IV collagen gene family, this gene is organized in a head-to-head conformation with another type IV collagen gene so that each gene pair shares a common promoter. Alternatively spliced transcript variants have been identified for this gene. [provided by RefSeq, Aug 2010]"
KLHL13,90293,kelch like family member 13,"This gene encodes a BTB and kelch domain containing protein and belongs to the kelch repeat domain containing superfamily of proteins. The encoded protein functions as an adaptor protein that complexes with Cullin 3 and other proteins to form the Cullin 3-based E3 ubiquitin-protein ligase complex. This complex is necessary for proper chromosome segregation and completion of cytokinesis. Alternate splicing results in multiple transcript variants. [provided by RefSeq, Mar 2010]"
RPSAP52,204010,ribosomal protein SA pseudogene 52,
CCDC181,57821,coiled-coil domain containing 181,"Predicted to enable microtubule binding activity. Predicted to be located in manchette and sperm flagellum. [provided by Alliance of Genome Resources, Apr 2022]"
TTR,7276,transthyretin,"This gene encodes one of the three prealbumins, which include alpha-1-antitrypsin, transthyretin and orosomucoid. The encoded protein, transthyretin, is a homo-tetrameric carrier protein, which transports thyroid hormones in the plasma and cerebrospinal fluid. It is also involved in the transport of retinol (vitamin A) in the plasma by associating with retinol-binding protein. The protein may also be involved in other intracellular processes including proteolysis, nerve regeneration, autophagy and glucose homeostasis. Mutations in this gene are associated with amyloid deposition, predominantly affecting peripheral nerves or the heart, while a small percentage of the gene mutations are non-amyloidogenic. The mutations are implicated in the etiology of several diseases, including amyloidotic polyneuropathy, euthyroid hyperthyroxinaemia, amyloidotic vitreous opacities, cardiomyopathy, oculoleptomeningeal amyloidosis, meningocerebrovascular amyloidosis and carpal tunnel syndrome. [provided by RefSeq, Aug 2017]"
TTYH1,57348,tweety family member 1,"This gene encodes a member of the tweety family of proteins. Members of this family function as chloride anion channels. The encoded protein functions as a calcium(2+)-independent, volume-sensitive large conductance chloride(-) channel. Three transcript variants encoding distinct isoforms have been identified for this gene. [provided by RefSeq, Jan 2011]"
MPV17L,255027,MPV17 mitochondrial inner membrane protein like,"Involved in negative regulation of hydrogen peroxide biosynthetic process; negative regulation of mitochondrial outer membrane permeabilization involved in apoptotic signaling pathway; and reactive oxygen species metabolic process. Located in peroxisome. [provided by Alliance of Genome Resources, Apr 2022]"
LTK,4058,leukocyte receptor tyrosine kinase,"The protein encoded by this gene is a member of the ros/insulin receptor family of tyrosine kinases. Tyrosine-specific phosphorylation of proteins is a key to the control of diverse pathways leading to cell growth and differentiation. Multiple transcript variants encoding different isoforms have been found for this gene. [provided by RefSeq, Oct 2008]"
HCN1,348980,hyperpolarization activated cyclic nucleotide gated potassium channel 1,"The membrane protein encoded by this gene is a hyperpolarization-activated cation channel that contributes to the native pacemaker currents in heart and neurons. The encoded protein can homodimerize or heterodimerize with other pore-forming subunits to form a potassium channel. This channel may act as a receptor for sour tastes. [provided by RefSeq, Oct 2011]"
CDK2,1017,cyclin dependent kinase 2,"This gene encodes a member of a family of serine/threonine protein kinases that participate in cell cycle regulation. The encoded protein is the catalytic subunit of the cyclin-dependent protein kinase complex, which regulates progression through the cell cycle. Activity of this protein is especially critical during the G1 to S phase transition. This protein associates with and regulated by other subunits of the complex including cyclin A or E, CDK inhibitor p21Cip1 (CDKN1A), and p27Kip1 (CDKN1B). Alternative splicing results in multiple transcript variants. [provided by RefSeq, Mar 2014]"
GPC4,2239,glypican 4,"Cell surface heparan sulfate proteoglycans are composed of a membrane-associated protein core substituted with a variable number of heparan sulfate chains. Members of the glypican-related integral membrane proteoglycan family (GRIPS) contain a core protein anchored to the cytoplasmic membrane via a glycosyl phosphatidylinositol linkage.  These proteins may play a role in the control of cell division and growth regulation.  The GPC4 gene is adjacent to the 3' end of GPC3 and may also play a role in Simpson-Golabi-Behmel syndrome. [provided by RefSeq, Jul 2008]"
ARHGEF16,27237,Rho guanine nucleotide exchange factor 16,"Although the specific function of this protein is not known yet, it is thought to be involved in protein-protein and protein-lipid interactions. [provided by RefSeq, Jul 2008]"
TSPY26P,128854,"testis specific protein Y-linked 26, pseudogene","Predicted to enable chromatin binding activity and histone binding activity. Predicted to be involved in nucleosome assembly. Predicted to be active in chromatin and nucleus. [provided by Alliance of Genome Resources, Apr 2022]"
BDNF,627,brain derived neurotrophic factor,"This gene encodes a member of the nerve growth factor family of proteins. Alternative splicing results in multiple transcript variants, at least one of which encodes a preproprotein that is proteolytically processed to generate the mature protein. Binding of this protein to its cognate receptor promotes neuronal survival in the adult brain. Expression of this gene is reduced in Alzheimer's, Parkinson's, and Huntington's disease patients. This gene may play a role in the regulation of the stress response and in the biology of mood disorders. [provided by RefSeq, Nov 2015]"
EFHC2,80258,EF-hand domain containing 2,"This gene encodes a protein which contains three DM10 domains and three calcium-binding EF-hand motifs. A related protein is encoded by a gene on chromosome 6. It has been suggested that both proteins are involved in the development of epilepsy (PMID: 15258581, 16112844) and that this gene may be associated with fear recognition in individuals with Turner syndrome. [provided by RefSeq, Aug 2011]"
FAM181B,220382,family with sequence similarity 181 member B,
TNNI1,7135,"troponin I1, slow skeletal type","Troponin proteins associate with tropomyosin and regulate the calcium sensitivity of the myofibril contractile apparatus of striated muscles. Troponin I (TnI), along with troponin T (TnT) and troponin C (TnC), is one of 3 subunits that form the troponin complex of the thin filaments of striated muscle. TnI is the inhibitory subunit; blocking actin-myosin interactions and thereby mediating striated muscle relaxation. The TnI subfamily contains three genes: TnI-skeletal-fast-twitch, TnI-skeletal-slow-twitch, and TnI-cardiac. The TnI-fast and TnI-slow genes are expressed in fast-twitch and slow-twitch skeletal muscle fibers, respectively, while the TnI-cardiac gene is expressed exclusively in cardiac muscle tissue. This gene encodes the Troponin-I-skeletal-slow-twitch protein. This gene is expressed in cardiac and skeletal muscle during early development but is restricted to slow-twitch skeletal muscle fibers in adults. The encoded protein prevents muscle contraction by inhibiting calcium-mediated conformational changes in actin-myosin complexes. [provided by RefSeq, Jul 2008]"
TRPM3,80036,transient receptor potential cation channel subfamily M member 3,"The product of this gene belongs to the family of transient receptor potential (TRP) channels. TRP channels are cation-selective channels important for cellular calcium signaling and homeostasis. The protein encoded by this gene mediates calcium entry, and this entry is potentiated by calcium store depletion. Alternatively spliced transcript variants encoding different isoforms have been identified. [provided by RefSeq, Jul 2008]"
SUCNR1,56670,succinate receptor 1,"This gene encodes a G-protein-coupled receptor for succinate, an intermediate molecule of the citric acid cycle. It is involved in the promotion of hematopoietic progenitor cell development, and it has a potential role in renovascular hypertension which has known correlations to renal failure, diabetes and atherosclerosis. [provided by RefSeq, Oct 2009]"
NIPAL1,152519,NIPA like domain containing 1,"Predicted to enable magnesium ion transmembrane transporter activity. Predicted to be involved in magnesium ion transport. Predicted to be integral component of membrane. Predicted to be active in membrane. [provided by Alliance of Genome Resources, Apr 2022]"
RNF175,285533,ring finger protein 175,"Predicted to enable ubiquitin protein ligase activity. Predicted to be involved in ubiquitin-dependent ERAD pathway. Predicted to be integral component of membrane. Predicted to be active in Golgi membrane and endoplasmic reticulum membrane. [provided by Alliance of Genome Resources, Apr 2022]"
ZNF660,285349,zinc finger protein 660,"This gene encodes a protein that contains multiple C2H2 zinc finger domains, and is located in a cluster of zinc-finger encoding genes on chromosome 3. Naturally-occurring readthrough transcription is observed between this gene and the downstream zinc finger protein 197 gene and is represented by GeneID:110354863. [provided by RefSeq, May 2017]"
TMEM246,84302,post-GPI attachment to proteins GalNAc transferase 4,"Enables glycosyltransferase activity. Involved in GPI anchor biosynthetic process. Located in Golgi membrane. [provided by Alliance of Genome Resources, Apr 2022]"
NKAIN3,286183,sodium/potassium transporting ATPase interacting 3,"NKAIN3 is a member of a family of mammalian proteins (see NKAIN1; MIM 612871) with similarity to Drosophila Nkain (Gorokhova et al., 2007 [PubMed 17606467]).[supplied by OMIM, Jun 2009]"
MSI1,4440,musashi RNA binding protein 1,"This gene encodes a protein containing two conserved tandem RNA recognition motifs. Similar proteins in other species function as RNA-binding proteins and play central roles in posttranscriptional gene regulation. Expression of this gene has been correlated with the grade of the malignancy and proliferative activity in gliomas and melanomas. A pseudogene for this gene is located on chromosome 11q13. [provided by RefSeq, Jul 2008]"
CYP27C1,339761,cytochrome P450 family 27 subfamily C member 1,"This gene encodes a member of the cytochrome P450 superfamily of enzymes. The cytochrome P450 proteins are monooxygenases which catalyze many reactions involved in drug metabolism and synthesis of cholesterol, steroids and other lipids. [provided by RefSeq, Jul 2008]"
BAALC,79870,BAALC binder of MAP3K1 and KLF4,"This gene was identified by gene expression studies in patients with acute myeloid leukemia (AML). The gene is conserved among mammals and is not found in lower organisms. Tissues that express this gene develop from the neuroectoderm. Multiple alternatively spliced transcript variants that encode different proteins have been described for this gene; however, some of the transcript variants are found only in AML cell lines. [provided by RefSeq, Jul 2008]"
RGS18,64407,regulator of G protein signaling 18,"This gene encodes a member of the regulator of G-protein signaling family. This protein is contains a conserved, 120 amino acid motif called the RGS domain. The protein attenuates the signaling activity of G-proteins by binding to activated, GTP-bound G alpha subunits and acting as a GTPase activating protein (GAP), increasing the rate of conversion of the GTP to GDP. This hydrolysis allows the G alpha subunits to bind G beta/gamma subunit heterodimers, forming inactive G-protein heterotrimers, thereby terminating the signal. Alternate transcriptional splice variants of this gene have been observed but have not been thoroughly characterized. [provided by RefSeq, Jul 2008]"
DFNB36,83715,espin,"This gene encodes a multifunctional actin-bundling protein. It plays a major role in regulating the organization, dimensions, dynamics, and signaling capacities of the actin filament-rich, microvillus-type specializations that mediate sensory transduction in various mechanosensory and chemosensory cells. Mutations in this gene are associated with autosomal recessive neurosensory deafness, and autosomal dominant sensorineural deafness without vestibular involvement. [provided by RefSeq, Nov 2009]"
BIK,638,BCL2 interacting killer,"The protein encoded by this gene shares a critical BH3 domain with other death-promoting proteins, such as BID, BAK, BAD and BAX, that is required for its pro-apoptotic activity, and for interaction with anti-apoptotic members of the BCL2 family, and viral survival-promoting proteins. Since the activity of this protein is suppressed in the presence of survival-promoting proteins, it is suggested as a likely target for anti-apoptotic proteins. [provided by RefSeq, Sep 2011]"
HOTAIR,100124700,HOX transcript antisense RNA,"This gene is located within the Homeobox C (HOXC) gene cluster on chromosome 12 and is co-expressed with the HOXC genes. It functions through an RNA product, which binds lysine specific demethylase 1 (LSD1) and Polycomb repressive complex 2 (PRC2), and serves as a scaffold to assemble these regulators at the HOXD gene cluster, thereby promoting epigenetic repression of HOXD. This gene is highly expressed in multiple tumors. Alternatively spliced transcript variants have been identified. [provided by RefSeq, Feb 2019]"
GPR156,165829,G protein-coupled receptor 156,"G protein-coupled receptors (GPCRs) are a large superfamily of cell surface receptors characterized by 7 helical transmembrane domains, together with N-terminal extracellular and C-terminal intracellular domains.[supplied by OMIM, Mar 2008]"
FRAS1,80144,Fraser extracellular matrix complex subunit 1,"This gene encodes an extracellular matrix protein that appears to function in the regulation of epidermal-basement membrane adhesion and organogenesis during development. Mutations in this gene cause Fraser syndrome, a multisystem malformation that can include craniofacial, urogenital and respiratory system abnormalities. Alternative splicing results in multiple transcript variants. [provided by RefSeq, Oct 2009]"
NUDT10,53343,nudix hydrolase 9,"The protein encoded by this gene belongs to the Nudix hydrolase family. Nudix boxes are found in a family of diverse enzymes that catalyze the hydrolysis of nucleoside diphosphate derivatives. This enzyme is an ADP-ribose pyrophosphatase that catalyzes the hydrolysis of ADP-ribose to AMP and ribose-5-P. It requires divalent metal ions and an intact Nudix motif for enzymatic activity. Alternatively spliced transcript variants encoding different isoforms have been found for this gene. [provided by RefSeq, Oct 2011]"
TTBK1,84630,tau tubulin kinase 1,"Summary:This gene belongs to the casein kinase 1 superfamily. The encoded protein is a neuron-specific, serine/threonine and tyrosine kinase, which regulates phosphorylation of tau, a protein that associates with microtubule assemblies and stabilizes them. Genetic variants in this gene are associated with Alzheimer's disease. [provided by RefSeq, Jul 2016]"
SDK2,54549,sidekick cell adhesion molecule 2,"The protein encoded by this gene is a member of the immunoglobulin superfamily. The protein contains two immunoglobulin domains and thirteen fibronectin type III domains. Fibronectin type III domains are present in both extracellular and intracellular proteins and tandem repeats are known to contain binding sites for DNA, heparin and the cell surface. This protein, and a homologous mouse sequence, are very similar to the Drosophila sidekick gene product but the specific function of this superfamily member is not yet known. Evidence for alternative splicing at this gene locus has been observed but the full-length nature of additional variants has not yet been determined. [provided by RefSeq, Jul 2008]"
KLF17,128209,KLF transcription factor 17,"Enables sequence-specific double-stranded DNA binding activity. Predicted to be involved in negative regulation of transcription by RNA polymerase II. Predicted to act upstream of or within gamete generation. Predicted to be located in nucleus. Predicted to be part of chromatin. [provided by Alliance of Genome Resources, Apr 2022]"
DFNA13,1302,collagen type XI alpha 2 chain,"This gene encodes one of the two alpha chains of type XI collagen, a minor fibrillar collagen. It is located on chromosome 6 very close to but separate from the gene for retinoid X receptor beta. Type XI collagen is a heterotrimer but the third alpha chain is a post-translationally modified alpha 1 type II chain. Proteolytic processing of this type XI chain produces PARP, a proline/arginine-rich protein that is an amino terminal domain. Mutations in this gene are associated with type III Stickler syndrome, otospondylomegaepiphyseal dysplasia (OSMED syndrome), Weissenbacher-Zweymuller syndrome, autosomal dominant non-syndromic sensorineural type 13 deafness (DFNA13), and autosomal recessive non-syndromic sensorineural type 53 deafness (DFNB53). Alternative splicing results in multiple transcript variants. A related pseudogene is located nearby on chromosome 6. [provided by RefSeq, Jul 2009]"
ATP1B2,482,ATPase Na+/K+ transporting subunit beta 2,"The protein encoded by this gene belongs to the family of Na+/K+ and H+/K+ ATPases beta chain proteins, and to the subfamily of Na+/K+ -ATPases. Na+/K+ -ATPase is an integral membrane protein responsible for establishing and maintaining the electrochemical gradients of Na and K ions across the plasma membrane. These gradients are essential for osmoregulation, for sodium-coupled transport of a variety of organic and inorganic molecules, and for electrical excitability of nerve and muscle. This enzyme is composed of two subunits, a large catalytic subunit (alpha) and a smaller glycoprotein subunit (beta). The beta subunit regulates, through assembly of alpha/beta heterodimers, the number of sodium pumps transported to the plasma membrane. The glycoprotein subunit of Na+/K+ -ATPase is encoded by multiple genes. This gene encodes a beta 2 subunit. Two transcript variants encoding different isoforms have been found for this gene. [provided by RefSeq, Dec 2014]"
C1GALT1C1L,728819,C1GALT1 specific chaperone 1 like,"Predicted to enable glycoprotein-N-acetylgalactosamine 3-beta-galactosyltransferase activity. Predicted to be involved in O-glycan processing, core 1. Predicted to be integral component of membrane. [provided by Alliance of Genome Resources, Apr 2022]"
HOXA13,3209,homeobox A13,"In vertebrates, the genes encoding the class of transcription factors called homeobox genes are found in clusters named A, B, C, and D on four separate chromosomes. Expression of these proteins is spatially and temporally regulated during embryonic development. This gene is part of the A cluster on chromosome 7 and encodes a DNA-binding transcription factor which may regulate gene expression, morphogenesis, and differentiation. Expansion of a polyalanine tract in the encoded protein can cause hand-foot-uterus syndrome, also known as hand-foot-genital syndrome. [provided by RefSeq, Jul 2008]"
MIR4697HG,22997,immunoglobulin superfamily member 9B,"Predicted to enable kinase binding activity. Predicted to be involved in synaptic membrane adhesion. Predicted to act upstream of or within homophilic cell adhesion via plasma membrane adhesion molecules and positive regulation of inhibitory postsynaptic potential. Predicted to be located in dendrite; inhibitory synapse; and neuronal cell body. Predicted to be active in GABA-ergic synapse; neuron projection; and postsynaptic specialization of symmetric synapse. [provided by Alliance of Genome Resources, Apr 2022]"
FREM2,341640,FRAS1 related extracellular matrix 2,"This gene encodes an integral membrane protein containing numerous CSPG (chondroitin sulfate proteoglycan element) repeats and Calx-beta domains. The encoded protein localizes to the basement membrane, forming a ternary complex that plays a role in epidermal-dermal interactions. This protein is important for the integrity of skin and renal epithelia. Mutations in this gene are associated with Fraser syndrome. [provided by RefSeq, Apr 2014]"
FLRT3,23767,fibronectin leucine rich transmembrane protein 3,"This gene encodes a member of the fibronectin leucine rich transmembrane protein (FLRT) family. FLRTs may function in cell adhesion and/or receptor signalling. Their protein structures resemble small leucine-rich proteoglycans found in the extracellular matrix. This gene is expressed in many tissues. Two alternatively spliced transcript variants encoding the same protein have been described for this gene. [provided by RefSeq, Jul 2010]"
RAB3B,5865,"RAB3B, member RAS oncogene family","Enables GDP binding activity; GTPase activity; and myosin V binding activity. Involved in several processes, including positive regulation of dopamine uptake involved in synaptic transmission; regulation of synaptic vesicle cycle; and regulation of vesicle size. Located in perinuclear region of cytoplasm and vesicle. Is active in dopaminergic synapse. Is anchored component of synaptic vesicle membrane. [provided by Alliance of Genome Resources, Apr 2022]"
SERPINA3,12,serpin family A member 3,"The protein encoded by this gene is a member of the serpin family of proteins, a group of proteins that inhibit serine proteases. This gene is one in a cluster of serpin genes located on the q arm of chromosome 14. Polymorphisms in this protein appear to be tissue specific and influence protease targeting. Variations in this protein's sequence have been implicated in Alzheimer's disease, and deficiency of this protein has been associated with liver disease. Mutations have been identified in patients with Parkinson disease and chronic obstructive pulmonary disease. [provided by RefSeq, Jun 2020]"
DFNB42,286676,immunoglobulin like domain containing receptor 1,"This gene encodes a protein that contains an immunoglobulin-like domain. The encoded protein may function as a multimeric receptor at the cell surface. The expression of this gene may be a diagnostic marker for cancer progression. Alternatively spliced transcript variants encoding multiple protein isoforms have been observed for this gene. [provided by RefSeq, Dec 2010]"
SCUBE3,222663,"signal peptide, CUB domain and EGF like domain containing 3","This gene encodes a member of the signal peptide, complement subcomponents C1r/C1s, Uegf, bone morphogenetic protein-1 and epidermal growth factor-like domain containing protein family. Overexpression of this gene in human embryonic kidney cells results in secretion of a glycosylated form of the protein that forms oligomers and tethers to the cell surface. This gene is upregulated in lung cancer tumor tissue compared to healthy tissue and is associated with loss of the epithelial marker E-cadherin and with increased expression of vimentin, a mesenchymal marker. In addition, the protein encoded by this gene is a transforming growth factor beta receptor ligand, and when secreted by cancer cells, it can be cleaved in vitro to release the N-terminal epidermal growth factor-like repeat domain and the C-terminal complement subcomponents C1r/C1s domain. Both the full length protein and C-terminal fragment can bind to the transforming growth factor beta type II receptor to promote the epithelial-mesenchymal transition and tumor angiogenesis. Alternative splicing results in multiple transcript variants. [provided by RefSeq, Dec 2014]"
RASGRF1,5923,Ras protein specific guanine nucleotide releasing factor 1,"The protein encoded by this gene is a guanine nucleotide exchange factor (GEF) similar to the Saccharomyces cerevisiae CDC25 gene product. Functional analysis has demonstrated that this protein stimulates the dissociation of GDP from RAS protein. The studies of the similar gene in mouse suggested that the Ras-GEF activity of this protein in brain can be activated by Ca2+ influx, muscarinic receptors, and G protein beta-gamma subunit. Mouse studies also indicated that the Ras-GEF signaling pathway mediated by this protein may be important for long-term memory. Alternatively spliced transcript variants encoding distinct isoforms have been reported. [provided by RefSeq, Mar 2009]"
C9orf50,375759,chromosome 9 open reading frame 50,
RAPGEF4,11069,Rap guanine nucleotide exchange factor 4,"Enables guanyl-nucleotide exchange factor activity. Predicted to be involved in regulation of neurotransmitter receptor localization to postsynaptic specialization membrane and regulation of postsynapse organization. Predicted to act upstream of or within adenylate cyclase-activating G protein-coupled receptor signaling pathway; regulation of exocytosis; and secretion by cell. Predicted to be located in plasma membrane. Predicted to be active in glutamatergic synapse; hippocampal mossy fiber to CA3 synapse; and postsynaptic density. Implicated in autistic disorder. [provided by Alliance of Genome Resources, Apr 2022]"
RASL10B,91608,RAS like family 10 member B,"Predicted to enable G protein activity and GTP binding activity. Predicted to be involved in positive regulation of peptide hormone secretion and regulation of systemic arterial blood pressure by atrial natriuretic peptide. Predicted to be located in plasma membrane. [provided by Alliance of Genome Resources, Apr 2022]"
SPRY4,81848,sprouty RTK signaling antagonist 4,"This gene encodes a member of a family of cysteine- and proline-rich proteins. The encoded protein is an inhibitor of the receptor-transduced mitogen-activated protein kinase (MAPK) signaling pathway. Activity of this protein impairs the formation of active GTP-RAS. Nucleotide variation in this gene has been associated with hypogonadotropic hypogonadism 17 with or without anosmia. Alternative splicing results in a multiple transcript variants. [provided by RefSeq, Jun 2014]"
NYNRIN,57523,NYN domain and retroviral integrase containing,"Predicted to enable endoribonuclease activity and mRNA binding activity. Predicted to be involved in RNA phosphodiester bond hydrolysis, endonucleolytic. Predicted to be integral component of membrane. Predicted to be active in cytoplasmic ribonucleoprotein granule and nucleus. [provided by Alliance of Genome Resources, Apr 2022]"
RAMP2-AS1,100190938,RAMP2 antisense RNA 1,
FLRT1,23769,fibronectin leucine rich transmembrane protein 1,"This gene encodes a member of the fibronectin leucine rich transmembrane protein (FLRT) family. The family members may function in cell adhesion and/or receptor signalling. Their protein structures resemble small leucine-rich proteoglycans found in the extracellular matrix. The encoded protein shares sequence similarity with two other family members, FLRT2 and FLRT3. This gene is expressed in kidney and brain. [provided by RefSeq, Jul 2008]"
SYTL5,94122,synaptotagmin like 5,"The protein encoded by this gene belongs to the synaptotagmin-like (Slp) protein family, which contains a unique homology domain at the N-terminus, referred to as the Slp homology domain (SHD). The SHD functions as a binding site for Rab27A, which plays a role in protein transport. Expression of this gene is restricted to placenta and liver, suggesting that it might be involved in Rab27A-dependent membrane trafficking in specific tissues. Alternatively spliced transcript variants encoding different isoforms have been found for this gene. [provided by RefSeq, Sep 2009]"
DSS,5376,peripheral myelin protein 22,"This gene encodes an integral membrane protein that is a major component of myelin in the peripheral nervous system. Studies suggest two alternately used promoters drive tissue-specific expression. Various mutations of this gene are causes of Charcot-Marie-Tooth disease Type IA, Dejerine-Sottas syndrome, and hereditary neuropathy with liability to pressure palsies. Alternative splicing results in multiple transcript variants. [provided by RefSeq, Jul 2013]"
ABCD2,6361,C-C motif chemokine ligand 17,"This antimicrobial gene is one of several Cys-Cys (CC) cytokine genes clustered on the q arm of chromosome 16. Cytokines are a family of secreted proteins involved in immunoregulatory and inflammatory processes. The CC cytokines are proteins characterized by two adjacent cysteines. The cytokine encoded by this gene displays chemotactic activity for T lymphocytes, but not monocytes or granulocytes. The product of this gene binds to chemokine receptors CCR4 and CCR8. This chemokine plays important roles in T cell development in thymus as well as in trafficking and activation of mature T cells. [provided by RefSeq, Sep 2014]"
HOXB9,3219,homeobox B9,"This gene is a member of the Abd-B homeobox family and encodes a protein with a homeobox DNA-binding domain. It is included in a cluster of homeobox B genes located on chromosome 17. The encoded nuclear protein functions as a sequence-specific transcription factor that is involved in cell proliferation and differentiation. Increased expression of this gene is associated with some cases of leukemia, prostate cancer and lung cancer. [provided by RefSeq, Jul 2008]"
EPB41L4B,54566,erythrocyte membrane protein band 4.1 like 4B,"Predicted to be a structural constituent of cytoskeleton. Involved in several processes, including positive regulation of cell adhesion; positive regulation of keratinocyte migration; and wound healing. Acts upstream of or within actomyosin structure organization. Located in apical part of cell; cytosol; and plasma membrane. [provided by Alliance of Genome Resources, Apr 2022]"
JPH1,56704,junctophilin 1,"Junctional complexes between the plasma membrane and endoplasmic/sarcoplasmic reticulum are a common feature of all excitable cell types and mediate cross talk between cell surface and intracellular ion channels. The protein encoded by this gene is a component of junctional complexes and is composed of a C-terminal hydrophobic segment spanning the endoplasmic/sarcoplasmic reticulum membrane and a remaining cytoplasmic domain that shows specific affinity for the plasma membrane. This gene is a member of the junctophilin gene family. [provided by RefSeq, Jul 2008]"
GUSBP5,441046,GUSB pseudogene 5,
PDZRN4,29951,PDZ domain containing ring finger 4,"Predicted to enable metal ion binding activity. [provided by Alliance of Genome Resources, Apr 2022]"
RCOR2,283248,REST corepressor 2,"Predicted to enable transcription corepressor activity. Predicted to be involved in histone deacetylation; negative regulation of transcription, DNA-templated; and regulation of transcription by RNA polymerase II. Predicted to be located in nucleus. Predicted to be part of histone deacetylase complex and transcription regulator complex. [provided by Alliance of Genome Resources, Apr 2022]"
ARC,23237,activity regulated cytoskeleton associated protein,"Predicted to enable mRNA binding activity. Involved in cell migration; cytoskeleton organization; and regulation of cell morphogenesis. Located in cytoplasm and plasma membrane. [provided by Alliance of Genome Resources, Apr 2022]"
IGFBP2,3485,insulin like growth factor binding protein 2,"The protein encoded by this gene is one of six similar proteins that bind insulin-like growth factors I and II (IGF-I and IGF-II). The encoded protein can be secreted into the bloodstream, where it binds IGF-I and IGF-II with high affinity, or it can remain intracellular, interacting with many different ligands. High expression levels of this protein promote the growth of several types of tumors and may be predictive of the chances of recovery of the patient. Several transcript variants, one encoding a secreted isoform and the others encoding nonsecreted isoforms, have been found for this gene. [provided by RefSeq, Sep 2015]"
KIAA0366,23501,KIAA0366 protein,
SLITRK6,84189,SLIT and NTRK like family member 6,"This gene encodes a member of the SLITRK protein family. Members of this family are integral membrane proteins that are characterized by two N-terminal leucine-rich repeat (LRR) domains and a C-terminal region that shares homology with trk neurotrophin receptors. This protein functions as a regulator of neurite outgrowth required for normal hearing and vision. Mutations in this gene are a cause of myopia and deafness. [provided by RefSeq, Dec 2014]"
NDRG4,65009,NDRG family member 4,"This gene is a member of the N-myc downregulated gene family which belongs to the alpha/beta hydrolase superfamily. The protein encoded by this gene is a cytoplasmic protein that is required for cell cycle progression and survival in primary astrocytes and may be involved in the regulation of mitogenic signalling in vascular smooth muscles cells. Alternative splicing results in multiple transcripts encoding different isoforms.[provided by RefSeq, Jun 2011]"
PPFIA4,8497,PTPRF interacting protein alpha 4,"PPFIA4, or liprin-alpha-4, belongs to the liprin-alpha gene family. See liprin-alpha-1 (LIP1, or PPFIA1; MIM 611054) for background on liprins.[supplied by OMIM, Mar 2008]"
RASSF10,644943,Ras association domain family member 10,"Predicted to be involved in positive regulation of neural precursor cell proliferation and positive regulation of neurogenesis. Predicted to be located in cytosol; microtubule organizing center; and spindle pole. [provided by Alliance of Genome Resources, Apr 2022]"
PHKA1,5255,phosphorylase kinase regulatory subunit alpha 1,"Phosphorylase kinase is a polymer of 16 subunits, four each of alpha, beta, gamma and delta. The alpha subunit includes the skeletal muscle and hepatic isoforms, and the skeletal muscle isoform is encoded by this gene. The beta subunit is the same in both the muscle and hepatic isoforms, and encoded by one gene. The gamma subunit also includes the skeletal muscle and hepatic isoforms, which are encoded by two different genes. The delta subunit is a calmodulin and can be encoded by three different genes. The gamma subunits contain the active site of the enzyme, whereas the alpha and beta subunits have regulatory functions controlled by phosphorylation. The delta subunit mediates the dependence of the enzyme on calcium concentration. Mutations in this gene cause glycogen storage disease type 9D, also known as X-linked muscle glycogenosis. Alternatively spliced transcript variants encoding different isoforms have been identified in this gene. A pseudogene has been found on chromosome 1.[provided by RefSeq, Feb 2010]"
HOXA6,3203,homeobox A6,"In vertebrates, the genes encoding the class of transcription factors called homeobox genes are found in clusters named A, B, C, and D on four separate chromosomes. Expression of these proteins is spatially and temporally regulated during embryonic development. This gene is part of the A cluster on chromosome 7 and encodes a DNA-binding transcription factor which may regulate gene expression, morphogenesis, and differentiation. [provided by RefSeq, Jul 2008]"
MDFI,4188,MyoD family inhibitor,"This protein is a transcription factor that negatively regulates other myogenic family proteins. Studies of the mouse homolog, I-mf, show that it interferes with myogenic factor function by masking nuclear localization signals and preventing DNA binding. Knockout mouse studies show defects in the formation of vertebrae and ribs that also involve cartilage formation in these structures. [provided by RefSeq, Jul 2008]"
EMILIN1,11117,elastin microfibril interfacer 1,"This gene encodes an extracellular matrix glycoprotein that is characterized by an N-terminal microfibril interface domain, a coiled-coiled alpha-helical domain, a collagenous domain and a C-terminal globular C1q domain. The encoded protein associates with elastic fibers at the interface between elastin and microfibrils and may play a role in the development of elastic tissues including large blood vessels, dermis, heart and lung. [provided by RefSeq, Sep 2009]"
RIMS2,9699,regulating synaptic membrane exocytosis 2,"The protein encoded by this gene is a presynaptic protein that interacts with RAB3, a protein important for normal neurotransmitter release. The encoded protein can also bind several other synaptic proteins, including UNC-13 homolog B, ELKS/Rab6-interacting/CAST family member 1, and synaptotagmin 1. This protein is involved in synaptic membrane exocytosis. Polymorphisms in this gene have been associated with degenerative lumbar scoliosis. [provided by RefSeq, Feb 2017]"
KLHL31,401265,kelch like family member 31,"Involved in negative regulation of JNK cascade and negative regulation of protein phosphorylation. Located in cytoplasm and nucleus. [provided by Alliance of Genome Resources, Apr 2022]"
EFS,10278,embryonal Fyn-associated substrate,"The protein encoded by this gene is a member of the CAS (CRK-associated substrate) family of adaptor proteins which typically serve as scaffolds for the assembly of larger signaling complexes. These complexes form at the cell surface where integrin binding leads to the subsequent phosphorylation of a CAS protein. Additional binding of SRC family kinases leads to CAS hyperphosphorylation and the creation of binding sites for CRK and other proteins that cause actin cytoskeleton reorganization. This gene plays a role in integrin-mediated cell attachment, spreading, and migration and also plays a role in both normal and malignant cellular transformation. This broadly expressed gene has been shown to play a role in neurite outgrowth and its expression in the thymus and lymphocytes is important for T cell maturation and the development of immunological self-tolerance. Alternative splicing of this gene results in multiple transcript variants encoding distinct isoforms. [provided by RefSeq, Jul 2020]"
PCDHB19P,84054,protocadherin beta 19 pseudogene,
EMID1,129080,EMI domain containing 1,"Predicted to be located in several cellular components, including Golgi apparatus; endoplasmic reticulum; and extracellular matrix. Predicted to be part of collagen trimer. [provided by Alliance of Genome Resources, Apr 2022]"
LINC00896,150197,long intergenic non-protein coding RNA 896,
SLC26A10,65012,"solute carrier family 26 member 10, pseudogene","Predicted to enable anion transmembrane transporter activity. Predicted to be involved in anion transport. Predicted to be active in basolateral plasma membrane. Predicted to be integral component of plasma membrane. [provided by Alliance of Genome Resources, Apr 2022]"
TMEM268,203197,transmembrane protein 268,"Predicted to be integral component of membrane. [provided by Alliance of Genome Resources, Apr 2022]"
HOXD10,3236,homeobox D10,"This gene is a member of the Abd-B homeobox family and encodes a protein with a homeobox DNA-binding domain. It is included in a cluster of homeobox D genes located on chromosome 2. The encoded nuclear protein functions as a sequence-specific transcription factor that is expressed in the developing limb buds and is involved in differentiation and limb development. Mutations in this gene have been associated with Wilm's tumor and congenital vertical talus (also known as ""rocker-bottom foot"" deformity or congenital convex pes valgus) and/or a foot deformity resembling that seen in Charcot-Marie-Tooth disease. [provided by RefSeq, Jul 2008]"
AGMO,392636,alkylglycerol monooxygenase,"The protein encoded by this gene is a tetrahydrobiopterin- and iron-dependent enzyme that cleaves the ether bond of alkylglycerols. Sequence comparisons distinguish this protein as forming a third, distinct class of tetrahydrobiopterin-dependent enzymes. Variations in this gene have been associated with decreased glucose-stimulated insulin response, type 2 diabetes, and susceptibility to intracranial aneurysms. [provided by RefSeq, Aug 2012]"
THBS4,7060,thrombospondin 4,"The protein encoded by this gene belongs to the thrombospondin protein family. Thrombospondin family members are adhesive glycoproteins that mediate cell-to-cell and cell-to-matrix interactions. This protein forms a pentamer and can bind to heparin and calcium. It is involved in local signaling in the developing and adult nervous system, and it contributes to spinal sensitization and neuropathic pain states. This gene is activated during the stromal response to invasive breast cancer. It may also play a role in inflammatory responses in Alzheimer's disease. Alternative splicing results in multiple transcript variants. [provided by RefSeq, Apr 2015]"
C4A,720,complement C4A (Rodgers blood group),"This gene encodes the acidic form of complement factor 4, part of the classical activation pathway. The protein is expressed as a single chain precursor which is proteolytically cleaved into a trimer of alpha, beta, and gamma chains prior to secretion. The trimer provides a surface for interaction between the antigen-antibody complex and other complement components. The alpha chain is cleaved to release C4 anaphylatoxin, an antimicrobial peptide and a mediator of local inflammation. Deficiency of this protein is associated with systemic lupus erythematosus and type I diabetes mellitus. This gene localizes to the major histocompatibility complex (MHC) class III region on chromosome 6. Varying haplotypes of this gene cluster exist, such that individuals may have 1, 2, or 3 copies of this gene. Two transcript variants encoding different isoforms have been found for this gene. [provided by RefSeq, Nov 2014]"
KCNAB2,8514,potassium voltage-gated channel subfamily A regulatory beta subunit 2,"Voltage-gated potassium (Kv) channels represent the most complex class of voltage-gated ion channels from both functional and structural standpoints. Their diverse functions include regulating neurotransmitter release, heart rate, insulin secretion, neuronal excitability, epithelial electrolyte transport, smooth muscle contraction, and cell volume. Four sequence-related potassium channel genes - shaker, shaw, shab, and shal - have been identified in Drosophila, and each has been shown to have human homolog(s). This gene encodes a member of the potassium channel, voltage-gated, shaker-related subfamily. This member is one of the beta subunits, which are auxiliary proteins associating with functional Kv-alpha subunits. This member alters functional properties of the KCNA4 gene product. Alternative splicing of this gene results in multiple transcript variants encoding distinct isoforms. [provided by RefSeq, Dec 2010]"
JAM3,83700,junctional adhesion molecule 3,"Tight junctions represent one mode of cell-to-cell adhesion in epithelial or endothelial cell sheets, forming continuous seals around cells and serving as a physical barrier to prevent solutes and water from passing freely through the paracellular space. The protein encoded by this immunoglobulin superfamily gene member is localized in the tight junctions between high endothelial cells. Unlike other proteins in this family, the this protein is unable to adhere to leukocyte cell lines and only forms weak homotypic interactions. The encoded protein is a member of the junctional adhesion molecule protein family and acts as a receptor for another member of this family. A mutation in an intron of this gene is associated with hemorrhagic destruction of the brain, subependymal calcification, and congenital cataracts. Alternative splicing results in multiple transcript variants.[provided by RefSeq, Apr 2011]"
B3GALT1,8708,"beta-1,3-galactosyltransferase 1","This gene is a member of the beta-1,3-galactosyltransferase (beta3GalT) gene family. This family encodes type II membrane-bound glycoproteins with diverse enzymatic functions using different donor substrates (UDP-galactose and UDP-N-acetylglucosamine) and different acceptor sugars (N-acetylglucosamine, galactose, N-acetylgalactosamine). The beta3GalT genes are distantly related to the Drosophila Brainiac gene and have the protein coding sequence contained in a single exon. The beta3GalT proteins also contain conserved sequences not found in the beta4GalT or alpha3GalT proteins. The carbohydrate chains synthesized by these enzymes are designated as type 1, whereas beta4GalT enzymes synthesize type 2 carbohydrate chains. The ratio of type 1:type 2 chains changes during embryogenesis. By sequence similarity, the beta3GalT genes fall into at least two groups: beta3GalT4 and 4 other beta3GalT genes (beta3GalT1-3, beta3GalT5). This gene is expressed exclusively in the brain. The encoded protein shows strict donor substrate specificity for UDP-galactose. [provided by RefSeq, Jul 2008]"
NUDT11,55190,nudix hydrolase 11,"NUDT11 belongs to a subgroup of phosphohydrolases that preferentially attack diphosphoinositol polyphosphates (Hidaka et al., 2002 [PubMed 12105228]).[supplied by OMIM, Mar 2008]"
IL15,3600,interleukin 15,"The protein encoded by this gene is a cytokine that regulates T and natural killer cell activation and proliferation. This cytokine and interleukine 2 share many biological activities. They are found to bind common hematopoietin receptor subunits, and may compete for the same receptor, and thus negatively regulate each other's activity. The number of CD8+ memory cells is shown to be controlled by a balance between this cytokine and IL2. This cytokine induces the activation of JAK kinases, as well as the phosphorylation and activation of transcription activators STAT3, STAT5, and STAT6. Studies of the mouse counterpart suggested that this cytokine may increase the expression of apoptosis inhibitor BCL2L1/BCL-x(L), possibly through the transcription activation activity of STAT6, and thus prevent apoptosis. Alternatively spliced transcript variants of this gene have been reported. [provided by RefSeq, Feb 2011]"
C14orf132,56967,chromosome 14 open reading frame 132,"Predicted to be integral component of membrane. [provided by Alliance of Genome Resources, Apr 2022]"
MMP16,4325,matrix metallopeptidase 16,"Proteins of the matrix metalloproteinase (MMP) family are involved in the breakdown of extracellular matrix in normal physiological processes, such as embryonic development, reproduction, and tissue remodeling, as well as in disease processes, such as arthritis and metastasis. Most MMP's are secreted as inactive proproteins which are activated when cleaved by extracellular proteinases. The encoded protein activates MMP2 by cleavage. This gene was once referred to as MT-MMP2, but was renamed as MT-MMP3 or MMP16. [provided by RefSeq, Oct 2010]"
ZNF96P1,221584,zinc finger and SCAN domain containing 12 pseudogene 1,
STGD2,6785,ELOVL fatty acid elongase 4,"This gene encodes a membrane-bound protein which is a member of the ELO family, proteins which participate in the biosynthesis of fatty acids. Consistent with the expression of the encoded protein in photoreceptor cells of the retina, mutations and small deletions in this gene are associated with Stargardt-like macular dystrophy (STGD3) and autosomal dominant Stargardt-like macular dystrophy (ADMD), also referred to as autosomal dominant atrophic macular degeneration. [provided by RefSeq, Jul 2008]"
HOXD13,3239,homeobox D13,"This gene belongs to the homeobox family of genes. The homeobox genes encode a highly conserved family of transcription factors that play an important role in morphogenesis in all multicellular organisms. Mammals possess four similar homeobox gene clusters, HOXA, HOXB, HOXC and HOXD, located on different chromosomes, consisting of 9 to 11 genes arranged in tandem. This gene is one of several homeobox HOXD genes located in a cluster on chromosome 2. Deletions that remove the entire HOXD gene cluster or the 5' end of this cluster have been associated with severe limb and genital abnormalities. Mutations in this particular gene cause synpolydactyly. [provided by RefSeq, Jul 2008]"
GRIK3,2899,glutamate ionotropic receptor kainate type subunit 3,"Glutamate receptors are the predominant excitatory neurotransmitter receptors in the mammalian brain and are activated in a variety of normal neurophysiologic processes. This gene product belongs to the kainate family of glutamate receptors, which are composed of four subunits and function as ligand-activated ion channels. It is not certain if the subunit encoded by this gene is subject to RNA editing as the other 2 family members (GRIK1 and GRIK2). A Ser310Ala polymorphism has been associated with schizophrenia, and there are conflicting reports of its association with the pathogenesis of delirium tremens in alcoholics. [provided by RefSeq, Jul 2008]"
SRSF12,135295,serine and arginine rich splicing factor 12,"Enables RNA binding activity. Involved in mRNA 5'-splice site recognition and regulation of alternative mRNA splicing, via spliceosome. Predicted to be located in nucleoplasm. Predicted to be active in cytoplasm and nuclear speck. [provided by Alliance of Genome Resources, Apr 2022]"
GOLGA7B,401647,golgin A7 family member B,"Enables enzyme binding activity. Predicted to be involved in peptidyl-L-cysteine S-palmitoylation and protein targeting to membrane. Predicted to be located in Golgi membrane. Predicted to be part of palmitoyltransferase complex. [provided by Alliance of Genome Resources, Apr 2022]"
PCDHB15,56121,protocadherin beta 15,"This gene is a member of the protocadherin beta gene cluster, one of three related gene clusters tandemly linked on chromosome five. The gene clusters demonstrate an unusual genomic organization similar to that of B-cell and T-cell receptor gene clusters. The beta cluster contains 16 genes and 3 pseudogenes, each encoding 6 extracellular cadherin domains and a cytoplasmic tail that deviates from others in the cadherin superfamily. The extracellular domains interact in a homophilic manner to specify differential cell-cell connections. Unlike the alpha and gamma clusters, the transcripts from these genes are made up of only one large exon, not sharing common 3' exons as expected. These neural cadherin-like cell adhesion proteins are integral plasma membrane proteins. Their specific functions are unknown but they most likely play a critical role in the establishment and function of specific cell-cell neural connections. [provided by RefSeq, Jul 2008]"
COL9A1,1297,collagen type IX alpha 1 chain,"This gene encodes one of the three alpha chains of type IX collagen, which is a minor (5-20%) collagen component of hyaline cartilage. Type IX collagen is usually found in tissues containing type II collagen, a fibrillar collagen. Studies in knockout mice have shown that synthesis of the alpha 1 chain is essential for assembly of type IX collagen molecules, a heterotrimeric molecule, and that lack of type IX collagen is associated with early onset osteoarthritis. Mutations in this gene are associated with osteoarthritis in humans, with multiple epiphyseal dysplasia, 6, a form of chondrodysplasia, and with Stickler syndrome, a disease characterized by ophthalmic, orofacial, articular, and auditory defects. Two transcript variants that encode different isoforms have been identified for this gene. [provided by RefSeq, Jul 2008]"
MAL,57591,myocardin related transcription factor A,"The protein encoded by this gene interacts with the transcription factor myocardin, a key regulator of smooth muscle cell differentiation. The encoded protein is predominantly nuclear and may help transduce signals from the cytoskeleton to the nucleus. This gene is involved in a specific translocation event that creates a fusion of this gene and the RNA-binding motif protein-15 gene. This translocation has been associated with acute megakaryocytic leukemia. Alternative splicing results in multiple transcript variants. [provided by RefSeq, Sep 2013]"
SERPINB2,5055,serpin family B member 2,"Predicted to enable serine-type endopeptidase inhibitor activity. Predicted to be involved in negative regulation of endopeptidase activity. Predicted to be located in extracellular region and plasma membrane. Predicted to be active in extracellular space. [provided by Alliance of Genome Resources, Apr 2022]"
RBMS3,27303,RNA binding motif single stranded interacting protein 3,"This gene encodes an RNA-binding protein that belongs to the c-myc gene single-strand binding protein family. These proteins are characterized by the presence of two sets of ribonucleoprotein consensus sequence (RNP-CS) that contain conserved motifs, RNP1 and RNP2, originally described in RNA binding proteins, and required for DNA binding. These proteins have been implicated in such diverse functions as DNA replication, gene transcription, cell cycle progression and apoptosis. The encoded protein was isolated by virtue of its binding to an upstream element of the alpha2(I) collagen promoter. The observation that this protein localizes mostly in the cytoplasm suggests that it may be involved in a cytoplasmic function such as controlling RNA metabolism, rather than transcription. Multiple alternatively spliced transcript variants encoding different isoforms have been found for this gene. [provided by RefSeq, Apr 2010]"
FNDC4,64838,fibronectin type III domain containing 4,"Involved in response to transforming growth factor beta. Predicted to be located in endoplasmic reticulum and extracellular space. Predicted to be active in extracellular region and plasma membrane. [provided by Alliance of Genome Resources, Apr 2022]"
WNT3,7473,Wnt family member 3,"The WNT gene family consists of structurally related genes which encode secreted signaling proteins. These proteins have been implicated in oncogenesis and in several developmental processes, including regulation of cell fate and patterning during embryogenesis. This gene is a member of the WNT gene family. It encodes a protein which shows 98% amino acid identity to mouse Wnt3 protein, and 84% to human WNT3A protein, another WNT gene product. The mouse studies show the requirement of Wnt3 in primary axis formation in the mouse. Studies of the gene expression suggest that this gene may play a key role in some cases of human breast, rectal, lung, and gastric cancer through activation of the WNT-beta-catenin-TCF signaling pathway. This gene is clustered with WNT15, another family member, in the chromosome 17q21 region. [provided by RefSeq, Jul 2008]"
PCOLCE2,26577,procollagen C-endopeptidase enhancer 2,"Enables collagen binding activity; heparin binding activity; and peptidase activator activity. Predicted to be involved in positive regulation of peptidase activity. Predicted to act upstream of or within cellular response to leukemia inhibitory factor. Predicted to be located in extracellular region. [provided by Alliance of Genome Resources, Apr 2022]"
CA9,768,carbonic anhydrase 9,"Carbonic anhydrases (CAs) are a large family of zinc metalloenzymes that catalyze the reversible hydration of carbon dioxide. They participate in a variety of biological processes, including respiration, calcification, acid-base balance, bone resorption, and the formation of aqueous humor, cerebrospinal fluid, saliva, and gastric acid. They show extensive diversity in tissue distribution and in their subcellular localization. CA IX is a transmembrane protein and is one of only two tumor-associated carbonic anhydrase isoenzymes known. It is expressed in all clear-cell renal cell carcinoma, but is not detected in normal kidney or most other normal tissues. It may be involved in cell proliferation and transformation. This gene was mapped to 17q21.2 by fluorescence in situ hybridization, however, radiation hybrid mapping localized it to 9p13-p12. [provided by RefSeq, Jun 2014]"
SEMA3D,223117,semaphorin 3D,"This gene encodes a member of the semaphorin III family of secreted signaling proteins that are involved in axon guidance during neuronal development. The encoded protein contains an N-terminal Sema domain, an immunoglobulin like domain and a C-terminal basic domain. The protein encoded by this gene binds neuropilin and plays an important role in cardiovascular development. [provided by RefSeq, Aug 2016]"
GDF11,10220,growth differentiation factor 11,"This gene encodes a secreted ligand of the TGF-beta (transforming growth factor-beta) superfamily of proteins. Ligands of this family bind various TGF-beta receptors leading to recruitment and activation of SMAD family transcription factors that regulate gene expression. The encoded preproprotein is proteolytically processed to generate each subunit of the disulfide-linked homodimer. This protein plays a role in the development of the nervous and other organ systems, and may regulate aging. [provided by RefSeq, Aug 2016]"
EPHB3,2049,EPH receptor B3,"Ephrin receptors and their ligands, the ephrins, mediate numerous developmental processes, particularly in the nervous system. Based on their structures and sequence relationships, ephrins are divided into the ephrin-A (EFNA) class, which are anchored to the membrane by a glycosylphosphatidylinositol linkage, and the ephrin-B (EFNB) class, which are transmembrane proteins. The Eph family of receptors are divided into two groups based on the similarity of their extracellular domain sequences and their affinities for binding ephrin-A and ephrin-B ligands. Ephrin receptors make up the largest subgroup of the receptor tyrosine kinase (RTK) family. This gene encodes a receptor for ephrin-B family members. [provided by RefSeq, Mar 2010]"
